investor_uuid,annualised_investments,experience,weighted_success_rate,diversity_bucket,success_bucket
6c52cdbd-ec9e-8ba5-d922-d913962c7815,0.2222222222222222,0.9090909090909092,0.4375,Focused,L3
2ddb711c-98d7-fc2c-0623-2b146d3188a4,0.2222222222222222,0.6363636363636364,0.4375,Diverse,L3
85858dd0-59be-4ca3-b1f9-67321b3cc503,0.1111111111111111,0.3636363636363636,0.3125,Universalist,L4
fc479f62-4835-4449-bfb1-859574392909,0.1111111111111111,0.2727272727272727,0.3125,Diverse,L4
ce8fa2fd-69a7-45b4-88e5-5505583ec636,0.1111111111111111,0.4545454545454545,0.3125,Focused,L4
9ef2f20f-6a49-4eb9-ba68-99b5bda7a192,0.1111111111111111,0.3636363636363636,0.3125,Universalist,L4
76646a79-df74-47cc-a9ff-9731da94448b,0.1111111111111111,0.3636363636363636,0.3125,Universalist,L4
82f5867a-45c9-41e4-881e-472e0afe8e3f,0.1111111111111111,0.3636363636363636,0.3125,Universalist,L4
6e3a7626-4cab-aae6-5a59-75fc2cef40af,0.1111111111111111,0.3636363636363636,0.3125,Universalist,L4
dc33257a-0c23-b0ca-42db-7277088d3eca,0.1111111111111111,0.4545454545454545,0.3125,Focused,L4
572a99c6-d3b1-4c1c-9dc6-44cea7ef0f49,0.1111111111111111,0.3636363636363636,0.3125,Universalist,L4
7eea9e16-91d3-ebbb-dfb9-3eb0381a5096,0.1111111111111111,0.5454545454545454,0.25,Universalist,L4
06b60d54-9628-06d3-e4c3-fb446b962988,0.1111111111111111,0.5454545454545454,0.25,Universalist,L4
390d38ff-abe4-b8db-8629-f63a35ce27a7,0.1111111111111111,0.5454545454545454,0.25,Universalist,L4
323a461a-f540-4065-9a8b-b1477fd2413e,0.1111111111111111,0.5454545454545454,0.25,Universalist,L4
bba4b1be-74ef-ae13-53de-48bcb14dfe6f,0.1111111111111111,0.5454545454545454,0.25,Universalist,L4
54cd6740-2a1c-1589-fd52-374e350505ae,0.1111111111111111,0.5454545454545454,0.25,Universalist,L4
4c34b203-510d-3632-c2cc-85b2925c88f8,0.1111111111111111,0.5454545454545454,0.25,Universalist,L4
9dfe87bc-42c8-eede-92e1-c83462591887,0.1111111111111111,0.5454545454545454,0.25,Universalist,L4
9bc45524-5c04-54c1-ec99-5afb33cd3fc4,0.2222222222222222,0.5454545454545454,0.15625,Universalist,L5
6abc55c4-79d1-4278-90f5-ebbc669b76e9,1.3333333333333333,0.7272727272727273,0.1302083333333333,Diverse,L5
cc7b2048-efa1-d14e-17b2-c81a8e19d0f8,0.2222222222222222,0.9090909090909092,0.125,Focused,L5
23c7d014-5a7f-b7dc-8a49-875a3b179e81,0.2222222222222222,0.6363636363636364,0.125,Balanced,L5
a2f53b74-2cea-9287-84f6-2a985214d828,0.3333333333333333,0.5454545454545454,0.0833333333333333,Balanced,L5
0e7e3f3d-61fa-d294-4927-df7465a9a39b,0.4444444444444444,0.4545454545454545,0.078125,Universalist,L5
22f2069a-a204-b897-320a-bdafa81093ba,0.5555555555555556,0.7272727272727273,0.075,Focused,L5
5eb914df-4132-4801-9dc3-3a739ccee22c,0.1111111111111111,0.4545454545454545,0.0625,Universalist,L5
d516d4a4-b8bf-4597-97ce-20d27de2ac7c,0.1111111111111111,0.4545454545454545,0.0625,Universalist,L5
d23ec0f5-3e2e-1770-b505-5943fd4e1a43,0.1111111111111111,0.4545454545454545,0.0625,Universalist,L5
7dcaf6d2-7c5b-db27-e2db-bfb63a219e4d,0.1111111111111111,0.4545454545454545,0.0625,Universalist,L5
45c7389b-78e1-4b18-b02a-d9fa8a5fb2a7,0.1111111111111111,0.3636363636363636,0.0625,Universalist,L5
c561d209-21a6-bc91-58cc-bc24d16c9d41,0.1111111111111111,0.3636363636363636,0.0625,Universalist,L5
238738b6-e787-4cf5-83ff-800af02bf95d,0.1111111111111111,0.4545454545454545,0.0625,Universalist,L5
83e9f366-c7b9-4591-8359-8d76165aaf7c,0.1111111111111111,0.4545454545454545,0.0625,Universalist,L5
196807f4-38e6-2a6e-fe05-f84ea998e7e9,0.1111111111111111,0.3636363636363636,0.0625,Universalist,L5
33309e34-5e6f-492c-a48d-d105df80310d,0.1111111111111111,0.3636363636363636,0.0625,Universalist,L5
8b2c74b4-6ee1-4899-9ef7-23a55d4dbae6,0.1111111111111111,0.4545454545454545,0.0625,Universalist,L5
1def8dbd-eb4c-43b5-bf96-5742bc380b31,0.1111111111111111,0.4545454545454545,0.0625,Universalist,L5
56f9f720-e431-405f-b881-3709ee01207a,0.1111111111111111,0.3636363636363636,0.0625,Universalist,L5
f6dc0a50-23f1-bd67-5cf0-f66b44b19e4c,0.1111111111111111,0.3636363636363636,0.0625,Universalist,L5
355bc63b-3606-4c1f-871f-7f2820fb6e81,0.1111111111111111,0.3636363636363636,0.0625,Universalist,L5
9b5c5678-2d19-5712-30f1-cfac41fbf06d,0.4444444444444444,0.5454545454545454,0.0625,Focused,L5
3acb19e7-0673-df7f-8dd1-08ce7987c053,2.111111111111111,1.0,0.0625,Specialized,L5
426e2693-2ccd-4044-b82c-7faf86b87104,0.5555555555555556,0.8181818181818182,0.0625,Specialized,L5
275038b3-cd24-e00c-7792-62005250dec2,0.1111111111111111,0.4545454545454545,0.0625,Universalist,L5
0e3c14a5-984a-4015-895d-d8aeedcb405f,0.1111111111111111,0.4545454545454545,0.0625,Universalist,L5
c9643ea8-dcbe-4157-a652-e3953d5b3a9d,0.6666666666666666,0.7272727272727273,0.0520833333333333,Diverse,L5
02f87511-2b76-0f3d-7fed-109aba6dd5a5,1.6666666666666667,1.0,0.0416666666666666,Specialized,L5
e578b215-c533-1490-2323-878a220f7937,0.6666666666666666,0.8181818181818182,0.0416666666666666,Balanced,L5
ee340e9b-0a1f-1a1f-99d7-2a0f41c0d03d,0.6666666666666666,0.8181818181818182,0.0416666666666666,Specialized,L5
af5a73b9-09d0-838c-5167-7886eedfa714,1.5555555555555556,0.9090909090909092,0.0401785714285714,Diverse,L5
ad17571b-e808-0f51-3e57-da2e4bb443a5,0.8888888888888888,0.9090909090909092,0.0390625,Specialized,L5
bea83301-0588-4710-341f-301373ff62c9,0.2222222222222222,0.9090909090909092,0.03125,Specialized,L5
e0906c05-fae5-9591-ba5f-2142d8b0065a,0.2222222222222222,0.7272727272727273,0.03125,Universalist,L5
998ba4cd-308f-4382-bad1-550f0c7b36e7,1.7777777777777777,0.7272727272727273,0.02734375,Balanced,L5
cb7664bd-9364-533e-c808-d53d6c8f3ba3,4.555555555555555,1.0,0.0228658536585365,Focused,L5
60763917-e499-41d9-9103-15eb58615c2b,0.3333333333333333,0.7272727272727273,0.0208333333333333,Diverse,L5
8b5c170a-4767-4e18-afe4-8d0d8fc39fd3,0.3333333333333333,0.7272727272727273,0.0208333333333333,Universalist,L5
aa9492d2-62b7-abe6-8735-3cfddfd60efa,0.3333333333333333,0.8181818181818182,0.0208333333333333,Balanced,L5
e3d557dd-c7c2-4ce1-885e-e9d26e02522c,0.3333333333333333,1.0,0.0208333333333333,Focused,L5
6d210fb2-0ad2-8938-421f-8dfda1d3314c,2.0,1.0,0.0208333333333333,Specialized,L5
7b808b2a-3eff-45f0-8285-375d0930e66a,0.4444444444444444,0.5454545454545454,0.015625,Balanced,L5
a95d3288-0226-48a5-9f08-72afa501cd29,0.4444444444444444,0.4545454545454545,0.015625,Diverse,L5
e2ac966c-420f-c01a-af8f-16e88c945df7,0.8888888888888888,0.9090909090909092,0.015625,Specialized,L5
89d43edc-e1e8-6ba4-1143-a39ffc4c56b9,0.4444444444444444,0.7272727272727273,0.015625,Focused,L5
c0524476-88d3-9e6d-a70d-e4c40e0bfca4,1.8888888888888888,1.0,0.0147058823529411,Focused,L5
240f80bf-ddbe-4fd6-bd42-338f0cd7c8ee,2.7777777777777777,0.9090909090909092,0.0125,Focused,L5
752178a4-6019-40d9-bdbc-6dd521c11a23,0.5555555555555556,0.6363636363636364,0.0125,Balanced,L5
60419f86-c951-4d50-b8f5-4232258975a4,0.5555555555555556,0.5454545454545454,0.0125,Balanced,L5
cce54f47-b157-48bd-aa41-6e9882838ad6,0.5555555555555556,0.4545454545454545,0.0125,Diverse,L5
48544001-dc68-42f7-9980-d4e909d61366,0.5555555555555556,0.5454545454545454,0.0125,Focused,L5
4af0f1a6-e519-44d3-b72f-513cd1cbc2ba,0.8888888888888888,0.6363636363636364,0.0078125,Balanced,L5
a243c4ed-b8c9-4421-a598-26af8278934b,1.0,0.6363636363636364,0.0069444444444444,Focused,L5
fd80725f-53fc-7009-9878-aeecf1e9ffbb,1.1111111111111112,0.8181818181818182,0.00625,Specialized,L5
a697c902-7717-426b-b792-2029b4c69516,1.3333333333333333,0.5454545454545454,0.0052083333333333,Diverse,L5
459b0b0d-eae2-e063-6f65-69e85c913348,11.88888888888889,1.0,0.0046728971962616,Diverse,L5
e489ddae-e520-fd17-7f70-1a8298603865,2.333333333333333,0.9090909090909092,0.0029761904761904,Focused,L5
